Quarter,Ticker,R1 raw,R1,R2 raw,R2,R3 raw,R3,R4 raw,R4,R5 raw,R5,Internal,Common,FA,Total,Status,Flags
2020-Q3,PRE,11.542572996388506,10,,,49.653925793538086,4,,,,,,,,,PARTIAL_NOT_RATED,internal:R2+R4; valuation:R5; common:NOT_SCORED
2020-Q4,PRE,6.631162333020578,8,,,24.960503205815137,0,,,,,,,,,PARTIAL_NOT_RATED,internal:R2+R4; valuation:R5; common:NOT_SCORED
2021-Q1,PRE,9.58077678784573,8,-2.3640528667415364,2,38.32381058966528,2,7.582435388348059,7,,,19.0,,,,PARTIAL_NOT_RATED,valuation:R5; common:NOT_SCORED
2021-Q2,PRE,10.046681199426377,10,-5.746101353040933,0,44.33048963329668,4,7.083261133459044,7,,,21.0,,,,PARTIAL_NOT_RATED,valuation:R5; common:NOT_SCORED
2021-Q3,PRE,6.166755519013137,8,-5.375817477375369,0,43.360720081202025,4,6.655927689958904,6,,,18.0,,,,PARTIAL_NOT_RATED,valuation:R5; common:NOT_SCORED
2021-Q4,PRE,27.689894882933107,12,21.058732549912527,10,29.153776396484666,0,6.537084553139628,6,,,28.0,,,,PARTIAL_NOT_RATED,valuation:R5; common:NOT_SCORED
2022-Q1,PRE,8.84377496402873,8,-0.7370018238169997,4,48.39096489176145,4,7.088195644394908,7,,,23.0,,,,PARTIAL_NOT_RATED,valuation:R5; common:NOT_SCORED
2022-Q2,PRE,9.117357956746044,8,-0.9293232426803328,4,49.39318741928338,4,6.811705410340969,6,,,22.0,,,,PARTIAL_NOT_RATED,valuation:R5; common:NOT_SCORED
2022-Q3,PRE,1.54582058626711,5,-4.620934932746026,2,49.93875632349562,4,6.341116668852839,6,,,17.0,,,,PARTIAL_NOT_RATED,valuation:R5; common:NOT_SCORED
2022-Q4,PRE,8.403356763128896,8,-19.286538119804213,0,47.206767186045745,4,6.151798682789986,6,0.8240198053747712,10,18.0,,,,PARTIAL_NOT_RATED,common:NOT_SCORED
2023-Q1,PRE,5.724127306029183,8,-3.119647657999548,2,45.84443476684517,4,5.691588041187871,5,0.8439805204963713,10,19.0,,,,PARTIAL_NOT_RATED,common:NOT_SCORED
2023-Q2,PRE,7.133078456069574,8,-1.98427950067647,4,45.784504090446674,4,5.932050466373825,5,1.3531170613065209,0,21.0,,,,PARTIAL_NOT_RATED,common:NOT_SCORED
2023-Q3,PRE,6.6269329690636365,8,5.081112382796526,10,50.3953300221743,6,6.668241735991708,6,0.884068220954058,8,30.0,,,,PARTIAL_NOT_RATED,common:NOT_SCORED
2023-Q4,PRE,11.093609009517397,10,2.6902522463885017,8,30.840192085749003,2,7.047318745664406,7,0.9082515610118409,8,27.0,,,,PARTIAL_NOT_RATED,common:NOT_SCORED
2024-Q1,PRE,7.33438121932177,8,1.6102539132925875,6,49.369148039920624,4,6.987436938526427,6,0.9550502947739513,8,24.0,,,,PARTIAL_NOT_RATED,common:NOT_SCORED
2024-Q2,PRE,7.348879092421695,8,0.215800636352121,6,53.447900393449075,6,6.816982911422001,6,0.9239507954578976,8,26.0,,,,PARTIAL_NOT_RATED,common:NOT_SCORED
2024-Q3,PRE,-1.141059348731329,0,-7.767992317794965,0,45.50727061712503,4,6.830989168646859,6,0.9469041903460348,8,10.0,,,,PARTIAL_NOT_RATED,common:NOT_SCORED
2024-Q4,PRE,6.855658925364438,8,-4.237950084152959,2,49.748627017158256,4,7.258382151819625,7,1.0313725391749695,6,21.0,,,,PARTIAL_NOT_RATED,common:NOT_SCORED
2025-Q1,PRE,7.451718347595035,8,0.11733712827326492,6,53.25564544893881,6,6.627082487921494,6,1.0,8,26.0,,,,PARTIAL_NOT_RATED,common:NOT_SCORED
2025-Q2,PRE,5.614621653622766,8,-1.7342574387989291,4,54.973231116806275,6,6.112250465484175,6,0.9724206437522248,8,24.0,,,,PARTIAL_NOT_RATED,common:NOT_SCORED
2025-Q3,PRE,10.531191316152933,10,11.672250664884261,10,49.13991807078273,4,7.058619623859505,7,1.0391205010249065,6,31.0,,,,PARTIAL_NOT_RATED,common:NOT_SCORED
2025-Q4,PRE,5.1131624667231845,8,-1.742496458641254,4,50.1175014096375,6,6.196021301023176,6,1.1173002902494769,6,24.0,27.0,51.0,57.0,SCORING_COMPLETE,
2026-Q1,PRE,10.629704636192894,10,3.177986288597859,8,43.57045212333405,4,6.028063833531976,6,1.2900378255322937,3,28.0,37.0,65.0,68.0,SCORING_COMPLETE,
2026-Q2,PRE,5.852390782652728,8,0.23776912902996195,6,52.66986070686252,6,6.004583026288972,6,1.368962366479969,0,26.0,40.0,66.0,66.0,SCORING_COMPLETE,
2020-Q3,VNR,8.30710058375339,8,1.0455059350387348,6,45.32996570946539,4,7.3095485672860585,7,1.0679510049728154,6,25.0,,,,PARTIAL_NOT_RATED,common:NOT_SCORED
2020-Q4,VNR,2.1215660166264922,5,-19.4343426295769,0,69.68155738948076,8,8.00477825457337,8,1.057630908913784,6,21.0,,,,PARTIAL_NOT_RATED,common:NOT_SCORED
2021-Q1,VNR,13.865214543046243,10,3.2498199388640963,8,57.74509201283797,6,10.533578297598787,8,1.0190946720103957,6,32.0,,,,PARTIAL_NOT_RATED,common:NOT_SCORED
2021-Q2,VNR,7.124825227193497,8,3.6049172567777914,8,51.24915865823452,6,9.480701546763209,8,,,30.0,,,,PARTIAL_NOT_RATED,valuation:R5; common:NOT_SCORED
2021-Q3,VNR,6.842770308813424,8,-1.4643302749399663,4,53.320812257985054,6,8.807171659992628,8,1.3182733699899305,0,26.0,,,,PARTIAL_NOT_RATED,common:NOT_SCORED
2021-Q4,VNR,4.747609400002578,5,2.626043383376086,8,65.77657011523212,8,8.230003363366224,8,1.298671202020983,3,29.0,,,,PARTIAL_NOT_RATED,common:NOT_SCORED
2022-Q1,VNR,17.5793959886292,12,3.714181445582959,8,56.763284312640515,6,6.942939591839934,6,1.0616545351584001,6,32.0,,,,PARTIAL_NOT_RATED,common:NOT_SCORED
2022-Q2,VNR,15.383150008286828,12,8.25832478109333,10,47.56979371471776,4,7.0435854602164865,7,1.085580391306846,6,33.0,,,,PARTIAL_NOT_RATED,common:NOT_SCORED
2022-Q3,VNR,17.65695299229634,12,10.814182683482915,10,55.20290136236887,6,5.602118111055163,5,0.955131902596074,8,33.0,,,,PARTIAL_NOT_RATED,common:NOT_SCORED
2022-Q4,VNR,11.577719518309454,10,6.830110118306876,10,57.42855639062219,6,6.682743675898781,6,1.0773284341324725,6,32.0,,,,PARTIAL_NOT_RATED,common:NOT_SCORED
2023-Q1,VNR,21.11586349300347,12,3.5364675043742686,8,61.67632614039399,8,9.386344854566733,8,1.083501602257395,6,36.0,,,,PARTIAL_NOT_RATED,common:NOT_SCORED
2023-Q2,VNR,14.7832617141351,10,-0.599888294151727,4,52.21888367444457,6,9.481229949711945,8,1.1909511347328945,3,28.0,,,,PARTIAL_NOT_RATED,common:NOT_SCORED
2023-Q3,VNR,-7.703447876266223,0,-25.360400868562564,0,45.30663142419996,4,10.889302395641455,8,1.0714797613246951,6,12.0,,,,PARTIAL_NOT_RATED,common:NOT_SCORED
2023-Q4,VNR,1.2894172077589767,5,-10.288302310550478,0,39.028015321407445,2,9.532931872528563,8,1.078185472970409,6,15.0,,,,PARTIAL_NOT_RATED,common:NOT_SCORED
2024-Q1,VNR,15.359416774622755,12,-5.756446718380715,0,58.63212972538348,6,8.468143485586827,8,1.1017309334583096,6,26.0,,,,PARTIAL_NOT_RATED,common:NOT_SCORED
2024-Q2,VNR,25.26484528437202,12,10.481583570236918,10,47.79150055026371,4,8.117240577688865,8,0.9895248086936683,8,34.0,,,,PARTIAL_NOT_RATED,common:NOT_SCORED
2024-Q3,VNR,-34.4315635822534,0,-26.72811570598718,0,53.091871850456066,6,7.876465324923135,7,1.0076516175528765,6,13.0,,,,PARTIAL_NOT_RATED,common:NOT_SCORED
2024-Q4,VNR,28.803611894736175,12,27.5141946869772,10,61.34029324397431,8,7.4155133171393075,7,0.998986913209809,8,37.0,,,,PARTIAL_NOT_RATED,common:NOT_SCORED
2025-Q1,VNR,3.574214757551076,5,-11.78520201707168,0,72.33044385945541,8,6.44973928197891,6,0.950889975373622,8,19.0,,,,PARTIAL_NOT_RATED,common:NOT_SCORED
2025-Q2,VNR,6.87196922088244,8,-18.392876063489577,0,65.23937995716422,8,6.842913416442846,6,0.9759723516218543,8,22.0,,,,PARTIAL_NOT_RATED,common:NOT_SCORED
2025-Q3,VNR,7.987041317844581,8,42.41860490009798,10,33.380609238842325,2,7.225003581929365,7,0.978836290772623,8,27.0,,,,PARTIAL_NOT_RATED,common:NOT_SCORED
2025-Q4,VNR,14.46679255903005,10,-14.336819335706124,0,49.41199599295212,4,7.379169507753436,7,0.9480163755673855,8,21.0,13.0,34.0,42.0,SCORING_COMPLETE,
2026-Q1,VNR,5.332824830214837,8,1.7586100726637608,6,63.67969487933718,8,7.671775587985034,7,0.933461120060152,8,29.0,37.0,66.0,74.0,SCORING_COMPLETE,
2026-Q2,VNR,3.351398269434997,5,-3.5205709514474433,2,63.238906175538354,8,7.84116660510215,7,0.8686021806578152,8,22.0,23.0,45.0,53.0,SCORING_COMPLETE,
